feature_family,task,m,r_multiplier,accuracy,f1_macro,f1_weighted,std_accuracy,wavelet,level,n,window_size_sec,method,min_window,threshold,multiscale,order,delay,window,nperseg,overlap_ratio
apen,binary,1.0,0.1,0.8666666666666668,0.851635223329866,0.8672914467867427,0.0527046276694729,,,,,,,,,,,,,
apen,binary,1.0,0.15,0.8866666666666667,0.8711354252027859,0.8859328352156318,0.0244948974278317,,,,,,,,,,,,,
apen,binary,1.0,0.2,0.8800000000000001,0.862451561942723,0.8787529552674858,0.0244948974278317,,,,,,,,,,,,,
apen,binary,1.0,0.25,0.85,0.8307331822948105,0.8497423745673782,0.0408248290463863,,,,,,,,,,,,,
apen,binary,1.0,0.3,0.8299999999999998,0.8095437060765083,0.8297947258708576,0.0266666666666666,,,,,,,,,,,,,
apen,binary,2.0,0.1,0.9166666666666666,0.9064892228070522,0.9167461154024462,0.0278886675511358,,,,,,,,,,,,,
apen,binary,2.0,0.15,0.8766666666666667,0.8625593134594581,0.8770325067516108,0.0270801280154532,,,,,,,,,,,,,
apen,binary,2.0,0.2,0.9066666666666666,0.8932037715371048,0.905810156921268,0.0226077666104175,,,,,,,,,,,,,
apen,binary,2.0,0.25,0.9333333333333332,0.9240904122890116,0.932909858826348,0.0434613493680176,,,,,,,,,,,,,
apen,binary,2.0,0.3,0.9366666666666664,0.9290470570637772,0.9366777522334168,0.0286744175568087,,,,,,,,,,,,,
apen,binary,3.0,0.1,0.95,0.943625419408552,0.949921837632681,0.0258198889747161,,,,,,,,,,,,,
apen,binary,3.0,0.15,0.9266666666666667,0.9179506464405962,0.9268337204899822,0.0343187671366233,,,,,,,,,,,,,
apen,binary,3.0,0.2,0.9233333333333332,0.9136404472644782,0.9232657762373526,0.0343187671366233,,,,,,,,,,,,,
apen,binary,3.0,0.25,0.8433333333333334,0.8260669710017761,0.8442252725123296,0.0169967317119759,,,,,,,,,,,,,
apen,binary,3.0,0.3,0.8466666666666667,0.8289635484334411,0.8472493249164987,0.0531245915016974,,,,,,,,,,,,,
apen,five,1.0,0.1,0.416,0.4102793676292847,0.4102793676292847,0.0272763633939717,,,,,,,,,,,,,
apen,five,1.0,0.15,0.44,0.4329101422892212,0.4329101422892212,0.0447213595499958,,,,,,,,,,,,,
apen,five,1.0,0.2,0.4059999999999999,0.3999640709437447,0.3999640709437447,0.0458693797647188,,,,,,,,,,,,,
apen,five,1.0,0.25,0.458,0.4501230185555865,0.4501230185555865,0.0318747549010184,,,,,,,,,,,,,
apen,five,1.0,0.3,0.486,0.477270576385164,0.477270576385164,0.0527636238330916,,,,,,,,,,,,,
apen,five,2.0,0.1,0.368,0.3571868476263394,0.3571868476263394,0.0213541565040626,,,,,,,,,,,,,
apen,five,2.0,0.15,0.3859999999999999,0.3757056512940384,0.3757056512940384,0.0326190128606001,,,,,,,,,,,,,
apen,five,2.0,0.2,0.4019999999999999,0.3887025378004677,0.3887025378004677,0.0416653333119993,,,,,,,,,,,,,
apen,five,2.0,0.25,0.39,0.3819647440384554,0.3819647440384553,0.0529150262212918,,,,,,,,,,,,,
apen,five,2.0,0.3,0.36,0.3511900323212479,0.3511900323212479,0.0244948974278317,,,,,,,,,,,,,
apen,five,3.0,0.1,0.398,0.3777334384210978,0.3777334384210978,0.0278567765543682,,,,,,,,,,,,,
apen,five,3.0,0.15,0.4059999999999999,0.3927913188183273,0.3927913188183273,0.0185472369909914,,,,,,,,,,,,,
apen,five,3.0,0.2,0.414,0.4053568456386116,0.4053568456386116,0.0449888875168079,,,,,,,,,,,,,
apen,five,3.0,0.25,0.384,0.3715133296650368,0.3715133296650368,0.0338230690505755,,,,,,,,,,,,,
apen,five,3.0,0.3,0.3979999999999999,0.3879034670862902,0.3879034670862902,0.0448998886412872,,,,,,,,,,,,,
apen,ternary,1.0,0.1,0.706,0.6272270043295347,0.6901507163579633,0.0516139516022557,,,,,,,,,,,,,
apen,ternary,1.0,0.15,0.696,0.5809525362652523,0.6658271192991527,0.0287054001888146,,,,,,,,,,,,,
apen,ternary,1.0,0.2,0.712,0.6297300749618653,0.6959236728583676,0.0305941170815567,,,,,,,,,,,,,
apen,ternary,1.0,0.25,0.72,0.6449031856218486,0.7067590117523149,0.0178885438199983,,,,,,,,,,,,,
apen,ternary,1.0,0.3,0.752,0.6897510069993593,0.7433922363255532,0.0305941170815567,,,,,,,,,,,,,
apen,ternary,2.0,0.1,0.5780000000000001,0.5632411769145496,0.5778561897060972,0.0331058907144936,,,,,,,,,,,,,
apen,ternary,2.0,0.15,0.586,0.559100374343705,0.5851768924596011,0.0332264954516722,,,,,,,,,,,,,
apen,ternary,2.0,0.2,0.6100000000000001,0.5606620227018684,0.5972577340503764,0.0260768096208106,,,,,,,,,,,,,
apen,ternary,2.0,0.25,0.594,0.5253084716710827,0.5750079257162298,0.0640624695121878,,,,,,,,,,,,,
apen,ternary,2.0,0.3,0.654,0.566929236279327,0.6321539113740202,0.0313687742827162,,,,,,,,,,,,,
apen,ternary,3.0,0.1,0.524,0.5392305685487567,0.5152744790416707,0.020591260281974,,,,,,,,,,,,,
apen,ternary,3.0,0.15,0.58,0.5443703572771502,0.575870691358843,0.0485798312059644,,,,,,,,,,,,,
apen,ternary,3.0,0.2,0.6180000000000001,0.5816232919735432,0.6152645752638242,0.0421426150114109,,,,,,,,,,,,,
apen,ternary,3.0,0.25,0.602,0.5590243251202909,0.5995917306598608,0.0116619037896906,,,,,,,,,,,,,
apen,ternary,3.0,0.3,0.632,0.5778315006505841,0.6203616614287721,0.0444522215417857,,,,,,,,,,,,,
dwt,binary,,,0.9933333333333334,0.9924964823596087,0.9933307277823762,0.0081649658092772,db2,3.0,,,,,,,,,,,
dwt,binary,,,0.99,0.9887013295346628,0.989977841088952,0.0133333333333333,db2,4.0,,,,,,,,,,,
dwt,binary,,,0.99,0.9887013295346628,0.989977841088952,0.0133333333333333,db2,5.0,,,,,,,,,,,
dwt,binary,,,0.99,0.9887013295346628,0.989977841088952,0.0133333333333333,db2,6.0,,,,,,,,,,,
dwt,binary,,,0.99,0.9887916351845548,0.9900169478091334,0.0081649658092772,db4,3.0,,,,,,,,,,,
dwt,binary,,,0.9866666666666668,0.9849964823596088,0.9866640611157096,0.0124721912892464,db4,4.0,,,,,,,,,,,
dwt,binary,,,0.99,0.9887013295346628,0.989977841088952,0.0133333333333333,db4,5.0,,,,,,,,,,,
dwt,binary,,,0.99,0.9887013295346628,0.989977841088952,0.0133333333333333,db4,6.0,,,,,,,,,,,
dwt,binary,,,0.99,0.9887916351845548,0.9900169478091334,0.0081649658092772,db6,3.0,,,,,,,,,,,
dwt,binary,,,0.9933333333333334,0.9925,0.9933333333333334,0.0133333333333333,db6,4.0,,,,,,,,,,,
dwt,binary,,,0.9966666666666668,0.996201329534663,0.9966445077556187,0.0066666666666666,db6,5.0,,,,,,,,,,,
dwt,binary,,,0.9966666666666668,0.996201329534663,0.9966445077556187,0.0066666666666666,db6,6.0,,,,,,,,,,,
dwt,binary,,,0.9933333333333334,0.9924964823596087,0.9933307277823762,0.0081649658092772,db8,3.0,,,,,,,,,,,
dwt,binary,,,0.9933333333333334,0.9925,0.9933333333333334,0.0133333333333333,db8,4.0,,,,,,,,,,,
dwt,binary,,,0.99,0.9887013295346628,0.989977841088952,0.0133333333333333,db8,5.0,,,,,,,,,,,
dwt,binary,,,0.9933333333333334,0.9924026590693258,0.9932890155112376,0.0081649658092772,db8,6.0,,,,,,,,,,,
dwt,binary,,,0.9933333333333334,0.9924964823596087,0.9933307277823762,0.0081649658092772,sym2,3.0,,,,,,,,,,,
dwt,binary,,,0.99,0.9887013295346628,0.989977841088952,0.0133333333333333,sym2,4.0,,,,,,,,,,,
dwt,binary,,,0.99,0.9887013295346628,0.989977841088952,0.0133333333333333,sym2,5.0,,,,,,,,,,,
dwt,binary,,,0.99,0.9887013295346628,0.989977841088952,0.0133333333333333,sym2,6.0,,,,,,,,,,,
dwt,binary,,,0.99,0.9886978118942716,0.9899752355379948,0.0081649658092772,sym4,3.0,,,,,,,,,,,
dwt,binary,,,0.99,0.9887013295346628,0.989977841088952,0.0133333333333333,sym4,4.0,,,,,,,,,,,
dwt,binary,,,0.99,0.9886978118942716,0.9899752355379948,0.0081649658092772,sym4,5.0,,,,,,,,,,,
dwt,binary,,,0.99,0.9886978118942716,0.9899752355379948,0.0081649658092772,sym4,6.0,,,,,,,,,,,
dwt,binary,,,0.99,0.9887916351845548,0.9900169478091334,0.0081649658092772,sym6,3.0,,,,,,,,,,,
dwt,binary,,,0.9933333333333334,0.9925,0.9933333333333334,0.0133333333333333,sym6,4.0,,,,,,,,,,,
dwt,binary,,,0.9933333333333334,0.9924964823596087,0.9933307277823762,0.0081649658092772,sym6,5.0,,,,,,,,,,,
dwt,binary,,,0.9966666666666668,0.996201329534663,0.9966445077556187,0.0066666666666666,sym6,6.0,,,,,,,,,,,
dwt,binary,,,0.99,0.9886978118942716,0.9899752355379948,0.0081649658092772,coif1,3.0,,,,,,,,,,,
dwt,binary,,,0.99,0.9887013295346628,0.989977841088952,0.0133333333333333,coif1,4.0,,,,,,,,,,,
dwt,binary,,,0.9933333333333334,0.9924026590693258,0.9932890155112376,0.0081649658092772,coif1,5.0,,,,,,,,,,,
dwt,binary,,,0.9933333333333334,0.9924026590693258,0.9932890155112376,0.0081649658092772,coif1,6.0,,,,,,,,,,,
dwt,binary,,,0.99,0.9886978118942716,0.9899752355379948,0.0081649658092772,coif3,3.0,,,,,,,,,,,
dwt,binary,,,0.9933333333333334,0.9925,0.9933333333333334,0.0133333333333333,coif3,4.0,,,,,,,,,,,
dwt,binary,,,0.99,0.9886978118942716,0.9899752355379948,0.0081649658092772,coif3,5.0,,,,,,,,,,,
dwt,binary,,,0.9933333333333334,0.9924026590693258,0.9932890155112376,0.0081649658092772,coif3,6.0,,,,,,,,,,,
dwt,five,,,0.85,0.8502106401140344,0.8502106401140346,0.0275680975041804,db2,3.0,,,,,,,,,,,
dwt,five,,,0.8619999999999999,0.8620666868951474,0.8620666868951474,0.0231516738055804,db2,4.0,,,,,,,,,,,
dwt,five,,,0.8640000000000001,0.8635619386980405,0.8635619386980405,0.0344093010681705,db2,5.0,,,,,,,,,,,
dwt,five,,,0.866,0.8651618891151387,0.8651618891151387,0.0531413210223456,db2,6.0,,,,,,,,,,,
dwt,five,,,0.866,0.8650743895232058,0.8650743895232058,0.0387814388593306,db4,3.0,,,,,,,,,,,
dwt,five,,,0.8779999999999999,0.8774843838303819,0.877484383830382,0.0292574776766556,db4,4.0,,,,,,,,,,,
dwt,five,,,0.868,0.86730100856548,0.86730100856548,0.0354400902933387,db4,5.0,,,,,,,,,,,
dwt,five,,,0.882,0.8818281506136539,0.8818281506136538,0.0435430821141545,db4,6.0,,,,,,,,,,,
dwt,five,,,0.8800000000000001,0.8790510673270895,0.8790510673270895,0.0260768096208106,db6,3.0,,,,,,,,,,,
dwt,five,,,0.8639999999999999,0.8633563171859139,0.8633563171859139,0.0048989794855663,db6,4.0,,,,,,,,,,,
dwt,five,,,0.89,0.8900446683765189,0.8900446683765189,0.0178885438199983,db6,5.0,,,,,,,,,,,
dwt,five,,,0.866,0.8652347816533265,0.8652347816533265,0.0377359245282264,db6,6.0,,,,,,,,,,,
dwt,five,,,0.8699999999999999,0.869106647969798,0.869106647969798,0.0244948974278318,db8,3.0,,,,,,,,,,,
dwt,five,,,0.8640000000000001,0.8625032454352095,0.8625032454352095,0.0241660919471891,db8,4.0,,,,,,,,,,,
dwt,five,,,0.8720000000000001,0.8718142412609977,0.8718142412609977,0.0222710574513201,db8,5.0,,,,,,,,,,,
dwt,five,,,0.874,0.873110627034856,0.873110627034856,0.021540659228538,db8,6.0,,,,,,,,,,,
dwt,five,,,0.85,0.8502106401140344,0.8502106401140346,0.0275680975041804,sym2,3.0,,,,,,,,,,,
dwt,five,,,0.8619999999999999,0.8620666868951474,0.8620666868951474,0.0231516738055804,sym2,4.0,,,,,,,,,,,
dwt,five,,,0.8640000000000001,0.8635619386980405,0.8635619386980405,0.0344093010681705,sym2,5.0,,,,,,,,,,,
dwt,five,,,0.866,0.8651618891151387,0.8651618891151387,0.0531413210223456,sym2,6.0,,,,,,,,,,,
dwt,five,,,0.8700000000000001,0.8699405176726132,0.8699405176726132,0.039496835316263,sym4,3.0,,,,,,,,,,,
dwt,five,,,0.8700000000000001,0.869077434347399,0.8690774343473988,0.0379473319220205,sym4,4.0,,,,,,,,,,,
dwt,five,,,0.8559999999999999,0.8555597547510256,0.8555597547510259,0.0361109401705355,sym4,5.0,,,,,,,,,,,
dwt,five,,,0.884,0.884426318986429,0.884426318986429,0.0174355957741627,sym4,6.0,,,,,,,,,,,
dwt,five,,,0.8480000000000001,0.8461384652485349,0.8461384652485349,0.0263818119165458,sym6,3.0,,,,,,,,,,,
dwt,five,,,0.884,0.8839861442753643,0.8839861442753643,0.0249799919935936,sym6,4.0,,,,,,,,,,,
dwt,five,,,0.8799999999999999,0.8803154284387231,0.8803154284387231,0.0275680975041804,sym6,5.0,,,,,,,,,,,
dwt,five,,,0.8939999999999999,0.8939642989082042,0.8939642989082042,0.0135646599662505,sym6,6.0,,,,,,,,,,,
dwt,five,,,0.8240000000000001,0.8227732495871136,0.8227732495871136,0.0332264954516722,coif1,3.0,,,,,,,,,,,
dwt,five,,,0.8459999999999999,0.8442304095880238,0.8442304095880238,0.0300665927567458,coif1,4.0,,,,,,,,,,,
dwt,five,,,0.8480000000000001,0.846810748706894,0.846810748706894,0.0365513337649941,coif1,5.0,,,,,,,,,,,
dwt,five,,,0.8799999999999999,0.8779906499291202,0.8779906499291205,0.025298221281347,coif1,6.0,,,,,,,,,,,
dwt,five,,,0.8720000000000001,0.8713633032169618,0.8713633032169618,0.0312409987036266,coif3,3.0,,,,,,,,,,,
dwt,five,,,0.884,0.8825539608440763,0.8825539608440763,0.008,coif3,4.0,,,,,,,,,,,
dwt,five,,,0.8799999999999999,0.8795224769200946,0.8795224769200946,0.0167332005306815,coif3,5.0,,,,,,,,,,,
dwt,five,,,0.874,0.8730940337886034,0.8730940337886034,0.0272763633939717,coif3,6.0,,,,,,,,,,,
dwt,ternary,,,0.968,0.967483350275958,0.9678772319452016,0.0213541565040626,db2,3.0,,,,,,,,,,,
dwt,ternary,,,0.958,0.958536604273536,0.9580368339737836,0.0203960780543711,db2,4.0,,,,,,,,,,,
dwt,ternary,,,0.97,0.970223773309568,0.9699561736591272,0.0219089023002066,db2,5.0,,,,,,,,,,,
dwt,ternary,,,0.974,0.9736231957685768,0.9740354806099376,0.0135646599662505,db2,6.0,,,,,,,,,,,
dwt,ternary,,,0.972,0.9690005173152136,0.9717478636618516,0.0172046505340852,db4,3.0,,,,,,,,,,,
dwt,ternary,,,0.962,0.9589091733421846,0.961855853111819,0.0116619037896906,db4,4.0,,,,,,,,,,,
dwt,ternary,,,0.968,0.9651985716022248,0.96803119476821,0.0116619037896906,db4,5.0,,,,,,,,,,,
dwt,ternary,,,0.97,0.9675367688447856,0.9699750115446316,0.0167332005306815,db4,6.0,,,,,,,,,,,
dwt,ternary,,,0.976,0.973311934708384,0.9759303656061048,0.0101980390271855,db6,3.0,,,,,,,,,,,
dwt,ternary,,,0.962,0.9591866887303148,0.9619549154072664,0.014696938456699,db6,4.0,,,,,,,,,,,
dwt,ternary,,,0.968,0.9659981914325606,0.968016379590254,0.0097979589711327,db6,5.0,,,,,,,,,,,
dwt,ternary,,,0.978,0.9743677119665216,0.9780598042310074,0.014696938456699,db6,6.0,,,,,,,,,,,
dwt,ternary,,,0.978,0.9774761564164808,0.9779982795071568,0.0116619037896906,db8,3.0,,,,,,,,,,,
dwt,ternary,,,0.974,0.9711780470553982,0.9738141448669662,0.0174355957741627,db8,4.0,,,,,,,,,,,
dwt,ternary,,,0.962,0.9598971679571766,0.961961824517556,0.0097979589711327,db8,5.0,,,,,,,,,,,
dwt,ternary,,,0.97,0.965458439541127,0.9698365516194972,0.0141421356237309,db8,6.0,,,,,,,,,,,
dwt,ternary,,,0.968,0.967483350275958,0.9678772319452016,0.0213541565040626,sym2,3.0,,,,,,,,,,,
dwt,ternary,,,0.958,0.958536604273536,0.9580368339737836,0.0203960780543711,sym2,4.0,,,,,,,,,,,
dwt,ternary,,,0.97,0.970223773309568,0.9699561736591272,0.0219089023002066,sym2,5.0,,,,,,,,,,,
dwt,ternary,,,0.974,0.9736231957685768,0.9740354806099376,0.0135646599662505,sym2,6.0,,,,,,,,,,,
dwt,ternary,,,0.972,0.9699564424640028,0.9719590068011988,0.0074833147735478,sym4,3.0,,,,,,,,,,,
dwt,ternary,,,0.968,0.9669841490274028,0.9681238564088804,0.016,sym4,4.0,,,,,,,,,,,
dwt,ternary,,,0.964,0.963641964466758,0.9641132349361066,0.021540659228538,sym4,5.0,,,,,,,,,,,
dwt,ternary,,,0.97,0.9694533807106908,0.9700573435661156,0.0219089023002066,sym4,6.0,,,,,,,,,,,
dwt,ternary,,,0.966,0.965038609756246,0.9658639211892937,0.0149666295470957,sym6,3.0,,,,,,,,,,,
dwt,ternary,,,0.966,0.9642756329561828,0.9660780024310148,0.0048989794855663,sym6,4.0,,,,,,,,,,,
dwt,ternary,,,0.97,0.9663091867479432,0.9702272456395044,0.0141421356237309,sym6,5.0,,,,,,,,,,,
dwt,ternary,,,0.972,0.9685535018070328,0.9721123429023312,0.014696938456699,sym6,6.0,,,,,,,,,,,
dwt,ternary,,,0.956,0.9524858814948348,0.9559151975064292,0.0149666295470957,coif1,3.0,,,,,,,,,,,
dwt,ternary,,,0.958,0.9561665243602938,0.958006019504782,0.0193907194296652,coif1,4.0,,,,,,,,,,,
dwt,ternary,,,0.962,0.9605839952774786,0.96222736247315,0.0116619037896906,coif1,5.0,,,,,,,,,,,
dwt,ternary,,,0.96,0.956988196468674,0.9601300061201864,0.020976176963403,coif1,6.0,,,,,,,,,,,
dwt,ternary,,,0.97,0.9691305502460484,0.9699383452769432,0.0089442719099991,coif3,3.0,,,,,,,,,,,
dwt,ternary,,,0.966,0.965412793317726,0.9661842484506554,0.008,coif3,4.0,,,,,,,,,,,
dwt,ternary,,,0.978,0.9753839590938796,0.97814964738204,0.014696938456699,coif3,5.0,,,,,,,,,,,
dwt,ternary,,,0.976,0.9737371062446666,0.9761734239629845,0.0135646599662505,coif3,6.0,,,,,,,,,,,
fuzzen,binary,1.0,0.1,0.8466666666666667,0.8247634285284888,0.845308766995514,0.046427960923947,,,1.0,,,,,,,,,,
fuzzen,binary,1.0,0.1,0.7366666666666667,0.708798581093056,0.7375834143271015,0.0878129324821299,,,2.0,,,,,,,,,,
fuzzen,binary,1.0,0.1,0.7533333333333333,0.7245707341251364,0.7523260479107794,0.0678232998312527,,,3.0,,,,,,,,,,
fuzzen,binary,1.0,0.2,0.8066666666666666,0.7828217361807435,0.8066520567447683,0.0309120616516523,,,1.0,,,,,,,,,,
fuzzen,binary,1.0,0.2,0.7633333333333333,0.7383397076203222,0.7646284914168,0.0323178657161088,,,2.0,,,,,,,,,,
fuzzen,binary,1.0,0.2,0.7633333333333333,0.7355394692411896,0.762289881783137,0.0755718936583642,,,3.0,,,,,,,,,,
fuzzen,binary,1.0,0.3,0.8066666666666666,0.7799340257589975,0.8050220511052751,0.0442216638714053,,,1.0,,,,,,,,,,
fuzzen,binary,1.0,0.3,0.7366666666666667,0.7087738106425099,0.737380752649024,0.0551764845241561,,,2.0,,,,,,,,,,
fuzzen,binary,1.0,0.3,0.7466666666666666,0.7193811071277121,0.7463219365495007,0.0686375342732466,,,3.0,,,,,,,,,,
fuzzen,binary,2.0,0.1,0.9433333333333334,0.9347944647944648,0.9426319359652692,0.0249443825784929,,,1.0,,,,,,,,,,
fuzzen,binary,2.0,0.1,0.7,0.657765614332044,0.6965723098957884,0.0235702260395515,,,2.0,,,,,,,,,,
fuzzen,binary,2.0,0.1,0.7033333333333334,0.67248898313703,0.7037881511344234,0.0385861230093007,,,3.0,,,,,,,,,,
fuzzen,binary,2.0,0.2,0.93,0.9196126912303384,0.9291661279896576,0.0266666666666666,,,1.0,,,,,,,,,,
fuzzen,binary,2.0,0.2,0.6633333333333333,0.611974064912338,0.6561088696208875,0.0694422221866655,,,2.0,,,,,,,,,,
fuzzen,binary,2.0,0.2,0.68,0.6512595052369333,0.6819827500418133,0.0452155332208351,,,3.0,,,,,,,,,,
fuzzen,binary,2.0,0.3,0.8766666666666666,0.8624910907615411,0.8770701380974051,0.0290593262902711,,,1.0,,,,,,,,,,
fuzzen,binary,2.0,0.3,0.6633333333333333,0.6129081285368893,0.6577970435355727,0.0590668171555644,,,2.0,,,,,,,,,,
fuzzen,binary,2.0,0.3,0.7033333333333334,0.6691195079890733,0.7017576876707311,0.0371184290855334,,,3.0,,,,,,,,,,
fuzzen,binary,3.0,0.1,0.9566666666666668,0.9513749055536648,0.9567175100940666,0.0081649658092772,,,1.0,,,,,,,,,,
fuzzen,binary,3.0,0.1,0.8933333333333333,0.8741538563880293,0.8904593226126266,0.0226077666104175,,,2.0,,,,,,,,,,
fuzzen,binary,3.0,0.1,0.72,0.6906624649859945,0.7216769374416433,0.0266666666666666,,,3.0,,,,,,,,,,
fuzzen,binary,3.0,0.2,0.8833333333333332,0.8687931126856154,0.8830786211855555,0.0278886675511358,,,1.0,,,,,,,,,,
fuzzen,binary,3.0,0.2,0.8333333333333334,0.8071670207212375,0.8307772488495381,0.0380058475033045,,,2.0,,,,,,,,,,
fuzzen,binary,3.0,0.2,0.7,0.6625789494558291,0.6990305706558837,0.0316227766016837,,,3.0,,,,,,,,,,
fuzzen,binary,3.0,0.3,0.8333333333333334,0.8138224426394697,0.8335833388685465,0.0471404520791031,,,1.0,,,,,,,,,,
fuzzen,binary,3.0,0.3,0.7899999999999999,0.7651932585074015,0.7902026419351127,0.0388730126323019,,,2.0,,,,,,,,,,
fuzzen,binary,3.0,0.3,0.7566666666666666,0.725068628347071,0.7560296189374611,0.0489897948556635,,,3.0,,,,,,,,,,
fuzzen,five,1.0,0.1,0.436,0.4263066915962737,0.4263066915962737,0.0344093010681705,,,1.0,,,,,,,,,,
fuzzen,five,1.0,0.1,0.496,0.4951468734625304,0.4951468734625304,0.0402988833592197,,,2.0,,,,,,,,,,
fuzzen,five,1.0,0.1,0.522,0.5174742726426756,0.5174742726426756,0.0483321838943782,,,3.0,,,,,,,,,,
fuzzen,five,1.0,0.2,0.426,0.4212889256051631,0.4212889256051631,0.0463033476111609,,,1.0,,,,,,,,,,
fuzzen,five,1.0,0.2,0.48,0.4760555100069548,0.4760555100069547,0.0389871773792358,,,2.0,,,,,,,,,,
fuzzen,five,1.0,0.2,0.524,0.5201977151979571,0.520197715197957,0.0463033476111609,,,3.0,,,,,,,,,,
fuzzen,five,1.0,0.3,0.422,0.4170926839170552,0.4170926839170552,0.0263818119165458,,,1.0,,,,,,,,,,
fuzzen,five,1.0,0.3,0.486,0.4855011140296182,0.4855011140296182,0.0300665927567458,,,2.0,,,,,,,,,,
fuzzen,five,1.0,0.3,0.512,0.5084632474774636,0.5084632474774636,0.0526877594892779,,,3.0,,,,,,,,,,
fuzzen,five,2.0,0.1,0.418,0.4101681591973955,0.4101681591973955,0.0256124969497313,,,1.0,,,,,,,,,,
fuzzen,five,2.0,0.1,0.374,0.3638551429647968,0.3638551429647968,0.0361109401705355,,,2.0,,,,,,,,,,
fuzzen,five,2.0,0.1,0.39,0.388270301598289,0.388270301598289,0.0340587727318528,,,3.0,,,,,,,,,,
fuzzen,five,2.0,0.2,0.388,0.3842149620924099,0.3842149620924099,0.0487442304278157,,,1.0,,,,,,,,,,
fuzzen,five,2.0,0.2,0.392,0.3816943777609868,0.3816943777609868,0.0479165942028437,,,2.0,,,,,,,,,,
fuzzen,five,2.0,0.2,0.412,0.4086825858130304,0.4086825858130304,0.0116619037896905,,,3.0,,,,,,,,,,
fuzzen,five,2.0,0.3,0.392,0.3864196358975274,0.3864196358975274,0.0116619037896906,,,1.0,,,,,,,,,,
fuzzen,five,2.0,0.3,0.388,0.378587243558274,0.3785872435582741,0.0655438784326957,,,2.0,,,,,,,,,,
fuzzen,five,2.0,0.3,0.414,0.411601308540409,0.411601308540409,0.0319999999999999,,,3.0,,,,,,,,,,
fuzzen,five,3.0,0.1,0.416,0.4073490395025025,0.4073490395025025,0.0449888875168079,,,1.0,,,,,,,,,,
fuzzen,five,3.0,0.1,0.428,0.4211116880433939,0.4211116880433939,0.027129319932501,,,2.0,,,,,,,,,,
fuzzen,five,3.0,0.1,0.37,0.3623518774306018,0.3623518774306017,0.0236643191323984,,,3.0,,,,,,,,,,
fuzzen,five,3.0,0.2,0.458,0.4505735837357912,0.4505735837357912,0.0348711915483253,,,1.0,,,,,,,,,,
fuzzen,five,3.0,0.2,0.4359999999999999,0.430581827407279,0.4305818274072791,0.0571314274283428,,,2.0,,,,,,,,,,
fuzzen,five,3.0,0.2,0.368,0.3603628327025016,0.3603628327025016,0.0324961536185438,,,3.0,,,,,,,,,,
fuzzen,five,3.0,0.3,0.474,0.4716151961364915,0.4716151961364916,0.0361109401705355,,,1.0,,,,,,,,,,
fuzzen,five,3.0,0.3,0.438,0.4329301610502584,0.4329301610502584,0.0448998886412873,,,2.0,,,,,,,,,,
fuzzen,five,3.0,0.3,0.356,0.349338510331986,0.349338510331986,0.0440908153700972,,,3.0,,,,,,,,,,
fuzzen,ternary,1.0,0.1,0.728,0.650238573939885,0.7144857189272923,0.036,,,1.0,,,,,,,,,,
fuzzen,ternary,1.0,0.1,0.734,0.7032631629804984,0.7296793131048215,0.0417612260356421,,,2.0,,,,,,,,,,
fuzzen,ternary,1.0,0.1,0.754,0.7362886183934637,0.7522203386039378,0.0546260011349906,,,3.0,,,,,,,,,,
fuzzen,ternary,1.0,0.2,0.7100000000000001,0.6285259292925678,0.6971364015266563,0.035213633723318,,,1.0,,,,,,,,,,
fuzzen,ternary,1.0,0.2,0.74,0.7069332595159047,0.7334108205099948,0.0447213595499957,,,2.0,,,,,,,,,,
fuzzen,ternary,1.0,0.2,0.766,0.7498596659701731,0.7641908113175375,0.0484148737476408,,,3.0,,,,,,,,,,
fuzzen,ternary,1.0,0.3,0.6980000000000001,0.6154569863890058,0.6862704160204183,0.0299332590941915,,,1.0,,,,,,,,,,
fuzzen,ternary,1.0,0.3,0.74,0.7091780520341373,0.7358243952516975,0.0540370243444251,,,2.0,,,,,,,,,,
fuzzen,ternary,1.0,0.3,0.766,0.7502791273831677,0.7640681145929629,0.0422374241638857,,,3.0,,,,,,,,,,
fuzzen,ternary,2.0,0.1,0.666,0.5782138777566163,0.6463738764133978,0.0307245829914744,,,1.0,,,,,,,,,,
fuzzen,ternary,2.0,0.1,0.6519999999999999,0.5403981537637033,0.6198388793356031,0.0222710574513201,,,2.0,,,,,,,,,,
fuzzen,ternary,2.0,0.1,0.642,0.5662160141083646,0.6255725875951323,0.0503587132480567,,,3.0,,,,,,,,,,
fuzzen,ternary,2.0,0.2,0.682,0.5997747208272932,0.6670628423431927,0.0342928563989644,,,1.0,,,,,,,,,,
fuzzen,ternary,2.0,0.2,0.64,0.5200340056459858,0.6041957075494386,0.0316227766016837,,,2.0,,,,,,,,,,
fuzzen,ternary,2.0,0.2,0.63,0.5308934337067928,0.604902623015496,0.0389871773792358,,,3.0,,,,,,,,,,
fuzzen,ternary,2.0,0.3,0.7020000000000001,0.6095071095930885,0.6814004810826033,0.0305941170815566,,,1.0,,,,,,,,,,
fuzzen,ternary,2.0,0.3,0.652,0.5449496416052326,0.6215265469092517,0.0193907194296653,,,2.0,,,,,,,,,,
fuzzen,ternary,2.0,0.3,0.6559999999999999,0.5692331163500242,0.6356795164778702,0.0436348484585428,,,3.0,,,,,,,,,,
fuzzen,ternary,3.0,0.1,0.728,0.6604074575319193,0.7175625421118961,0.0305941170815567,,,1.0,,,,,,,,,,
fuzzen,ternary,3.0,0.1,0.6639999999999999,0.6021520824613642,0.6478207434677438,0.0257681974534502,,,2.0,,,,,,,,,,
fuzzen,ternary,3.0,0.1,0.622,0.5270506743202887,0.5968331499005007,0.0116619037896906,,,3.0,,,,,,,,,,
fuzzen,ternary,3.0,0.2,0.728,0.6430145391219256,0.7121671637718896,0.016,,,1.0,,,,,,,,,,
fuzzen,ternary,3.0,0.2,0.6719999999999999,0.584021480423991,0.6475842125698819,0.0318747549010184,,,2.0,,,,,,,,,,
fuzzen,ternary,3.0,0.2,0.6279999999999999,0.5185023664232061,0.5951128926179003,0.0401995024844836,,,3.0,,,,,,,,,,
fuzzen,ternary,3.0,0.3,0.718,0.6295954551489219,0.7010033899920936,0.0132664991614216,,,1.0,,,,,,,,,,
fuzzen,ternary,3.0,0.3,0.6699999999999999,0.5793507927083569,0.6492488134847214,0.0689927532426413,,,2.0,,,,,,,,,,
fuzzen,ternary,3.0,0.3,0.6279999999999999,0.5309630758445751,0.6015473093281339,0.0324961536185438,,,3.0,,,,,,,,,,
hjorth,binary,,,0.9833333333333334,0.980995629609291,0.9832144310878452,0.0105409255338945,,,,0.5,,,,,,,,,
hjorth,binary,,,0.99,0.988795152824946,0.9900195533600906,0.0133333333333333,,,,1.0,,,,,,,,,
hjorth,binary,,,0.98,0.9770921177896472,0.9798091188820764,0.0124721912892464,,,,2.0,,,,,,,,,
hjorth,binary,,,0.9833333333333334,0.980999147249682,0.9832170366388024,0.0149071198499985,,,,3.0,,,,,,,,,
hjorth,binary,,,0.99,0.9886039886039886,0.9899335232668566,0.0081649658092772,,,,5.0,,,,,,,,,
hjorth,binary,,,0.99,0.988499147249682,0.989883703305469,0.0133333333333333,,,,full,,,,,,,,,
hjorth,five,,,0.7779999999999999,0.7778992622162951,0.7778992622162951,0.0601331855134916,,,,0.5,,,,,,,,,
hjorth,five,,,0.8,0.7989580318907773,0.7989580318907773,0.0609918027279076,,,,1.0,,,,,,,,,
hjorth,five,,,0.8160000000000001,0.8159409609064205,0.8159409609064205,0.0567802782663135,,,,2.0,,,,,,,,,
hjorth,five,,,0.8019999999999999,0.8017101311886128,0.8017101311886128,0.0563560112144214,,,,3.0,,,,,,,,,
hjorth,five,,,0.812,0.8136385743624978,0.8136385743624979,0.0381575680566778,,,,5.0,,,,,,,,,
hjorth,five,,,0.8,0.8007815706089498,0.8007815706089498,0.0540370243444251,,,,full,,,,,,,,,
hjorth,ternary,,,0.962,0.9604346911336444,0.961860360804368,0.0183303027798233,,,,0.5,,,,,,,,,
hjorth,ternary,,,0.966,0.967331620215768,0.965878817172914,0.0048989794855663,,,,1.0,,,,,,,,,
hjorth,ternary,,,0.958,0.9590083449883936,0.957888187844734,0.0116619037896906,,,,2.0,,,,,,,,,
hjorth,ternary,,,0.952,0.9521905920458196,0.951863429522822,0.0116619037896906,,,,3.0,,,,,,,,,
hjorth,ternary,,,0.946,0.9446007640676914,0.9457558701688148,0.0048989794855663,,,,5.0,,,,,,,,,
hjorth,ternary,,,0.946,0.9448586523843084,0.9458990159824348,0.0135646599662504,,,,full,,,,,,,,,
hurst,binary,,,0.8233333333333335,0.802703437102662,0.823894499605094,0.0169967317119759,,,,,rescaled_range,4.0,,,,,,,
hurst,binary,,,0.8099999999999999,0.7894745300342219,0.8111141472989996,0.0454606056566195,,,,,rescaled_range,8.0,,,,,,,
hurst,binary,,,0.86,0.8488216093598526,0.8624142821217339,0.0343187671366233,,,,,rescaled_range,16.0,,,,,,,
hurst,binary,,,0.9133333333333332,0.90349390863129,0.9137354771043108,0.0439696865275764,,,,,rescaled_range,32.0,,,,,,,
hurst,binary,,,0.62,0.5882564545331845,0.6255831148380241,0.0561743318211757,,,,,dfa,4.0,,,,,,,
hurst,binary,,,0.62,0.5882564545331845,0.6255831148380241,0.0561743318211757,,,,,dfa,8.0,,,,,,,
hurst,binary,,,0.62,0.5882564545331845,0.6255831148380241,0.0561743318211757,,,,,dfa,16.0,,,,,,,
hurst,binary,,,0.62,0.5882564545331845,0.6255831148380241,0.0561743318211757,,,,,dfa,32.0,,,,,,,
hurst,binary,,,0.5266666666666666,0.5238742175205156,0.5333412446114923,0.0501109879279096,,,,,wavelet,4.0,,,,,,,
hurst,binary,,,0.5266666666666666,0.5238742175205156,0.5333412446114923,0.0501109879279096,,,,,wavelet,8.0,,,,,,,
hurst,binary,,,0.6033333333333333,0.5874839388551466,0.611516061035049,0.092736184954957,,,,,wavelet,16.0,,,,,,,
hurst,binary,,,0.5800000000000001,0.55241806573648,0.5856634674409611,0.0439696865275763,,,,,wavelet,32.0,,,,,,,
hurst,five,,,0.398,0.3949109242664462,0.3949109242664462,0.0331058907144937,,,,,rescaled_range,4.0,,,,,,,
hurst,five,,,0.394,0.3958654841278903,0.3958654841278904,0.0504380808516739,,,,,rescaled_range,8.0,,,,,,,
hurst,five,,,0.472,0.4694879421458863,0.4694879421458863,0.0342928563989645,,,,,rescaled_range,16.0,,,,,,,
hurst,five,,,0.426,0.4099238218295294,0.4099238218295294,0.0407921561087422,,,,,rescaled_range,32.0,,,,,,,
hurst,five,,,0.48,0.4731902514865093,0.4731902514865092,0.0384707681233427,,,,,dfa,4.0,,,,,,,
hurst,five,,,0.48,0.4731902514865093,0.4731902514865092,0.0384707681233427,,,,,dfa,8.0,,,,,,,
hurst,five,,,0.48,0.4731902514865093,0.4731902514865092,0.0384707681233427,,,,,dfa,16.0,,,,,,,
hurst,five,,,0.48,0.4731902514865093,0.4731902514865092,0.0384707681233427,,,,,dfa,32.0,,,,,,,
hurst,five,,,0.354,0.3405462220957888,0.3405462220957888,0.0538887743412299,,,,,wavelet,4.0,,,,,,,
hurst,five,,,0.354,0.3405462220957888,0.3405462220957888,0.0538887743412299,,,,,wavelet,8.0,,,,,,,
hurst,five,,,0.422,0.4175652688932643,0.4175652688932642,0.0534415568635495,,,,,wavelet,16.0,,,,,,,
hurst,five,,,0.392,0.3800461829286029,0.3800461829286029,0.043081318457076,,,,,wavelet,32.0,,,,,,,
hurst,ternary,,,0.56,0.5897043670528697,0.5585568128034809,0.0536656314599949,,,,,rescaled_range,4.0,,,,,,,
hurst,ternary,,,0.522,0.5557478037942214,0.5197156305724259,0.0324961536185438,,,,,rescaled_range,8.0,,,,,,,
hurst,ternary,,,0.6,0.6276677965078801,0.5985149611230615,0.035213633723318,,,,,rescaled_range,16.0,,,,,,,
hurst,ternary,,,0.6,0.6392911257034943,0.6010742879270252,0.0414728827066554,,,,,rescaled_range,32.0,,,,,,,
hurst,ternary,,,0.686,0.62896704643183,0.675568941623456,0.0185472369909913,,,,,dfa,4.0,,,,,,,
hurst,ternary,,,0.686,0.62896704643183,0.675568941623456,0.0185472369909913,,,,,dfa,8.0,,,,,,,
hurst,ternary,,,0.686,0.62896704643183,0.675568941623456,0.0185472369909913,,,,,dfa,16.0,,,,,,,
hurst,ternary,,,0.686,0.62896704643183,0.675568941623456,0.0185472369909913,,,,,dfa,32.0,,,,,,,
hurst,ternary,,,0.634,0.5088326811629846,0.5912908606959205,0.0326190128606002,,,,,wavelet,4.0,,,,,,,
hurst,ternary,,,0.634,0.5088326811629846,0.5912908606959205,0.0326190128606002,,,,,wavelet,8.0,,,,,,,
hurst,ternary,,,0.6900000000000001,0.6072864733160961,0.6698807081494988,0.0540370243444251,,,,,wavelet,16.0,,,,,,,
hurst,ternary,,,0.712,0.6047981779410703,0.684164623326528,0.0479165942028437,,,,,wavelet,32.0,,,,,,,
lzc,binary,,,0.8933333333333333,0.8775926132283527,0.8921628168701187,0.0270801280154531,,,,,,,median,False,,,,,
lzc,binary,,,0.86,0.8369337511620903,0.8571458347134449,0.0309120616516523,,,,,,,median,True,,,,,
lzc,binary,,,0.91,0.8976155784499816,0.909479340767317,0.0226077666104175,,,,,,,mean,False,,,,,
lzc,binary,,,0.86,0.8369337511620903,0.8571458347134449,0.0309120616516523,,,,,,,mean,True,,,,,
lzc,binary,,,0.8233333333333335,0.8073069199262589,0.8257706145343844,0.0416333199893226,,,,,,,zero,False,,,,,
lzc,binary,,,0.86,0.8369337511620903,0.8571458347134449,0.0309120616516523,,,,,,,zero,True,,,,,
lzc,five,,,0.4,0.3915572936867907,0.3915572936867907,0.0384707681233427,,,,,,,median,False,,,,,
lzc,five,,,0.3299999999999999,0.3226725171649736,0.3226725171649736,0.033466401061363,,,,,,,median,True,,,,,
lzc,five,,,0.364,0.3575225888748411,0.3575225888748411,0.0287054001888146,,,,,,,mean,False,,,,,
lzc,five,,,0.3299999999999999,0.3226725171649736,0.3226725171649736,0.033466401061363,,,,,,,mean,True,,,,,
lzc,five,,,0.338,0.3338622514134953,0.3338622514134952,0.027129319932501,,,,,,,zero,False,,,,,
lzc,five,,,0.3299999999999999,0.3226725171649736,0.3226725171649736,0.033466401061363,,,,,,,zero,True,,,,,
lzc,ternary,,,0.716,0.6001346679839096,0.681563888660398,0.0397994974842648,,,,,,,median,False,,,,,
lzc,ternary,,,0.68,0.5866074661407195,0.6582113642704635,0.0363318042491698,,,,,,,median,True,,,,,
lzc,ternary,,,0.718,0.6135211304383513,0.6883347991165543,0.0213541565040626,,,,,,,mean,False,,,,,
lzc,ternary,,,0.68,0.5866074661407195,0.6582113642704635,0.0363318042491698,,,,,,,mean,True,,,,,
lzc,ternary,,,0.65,0.5656033533911172,0.6284205122307898,0.0322490309931941,,,,,,,zero,False,,,,,
lzc,ternary,,,0.68,0.5866074661407195,0.6582113642704635,0.0363318042491698,,,,,,,zero,True,,,,,
permen,binary,,,0.8533333333333333,0.8421168781418246,0.8560568052116242,0.0323178657161088,,,,,,,,,3.0,1.0,,,
permen,binary,,,0.8699999999999999,0.8551919631925236,0.8704674913674634,0.0286744175568087,,,,,,,,,3.0,2.0,,,
permen,binary,,,0.86,0.8395489905698387,0.8584070026535073,0.0402768199119818,,,,,,,,,3.0,3.0,,,
permen,binary,,,0.9,0.8836215521627084,0.8980000285559235,0.0210818510677892,,,,,,,,,3.0,4.0,,,
permen,binary,,,0.9266666666666664,0.9170011376794324,0.9263536195835936,0.0343187671366233,,,,,,,,,3.0,5.0,,,
permen,binary,,,0.8566666666666667,0.8447895903837258,0.8590305468994333,0.0199999999999999,,,,,,,,,4.0,1.0,,,
permen,binary,,,0.8633333333333335,0.8552016373014115,0.8665454614156305,0.0286744175568087,,,,,,,,,4.0,2.0,,,
permen,binary,,,0.8299999999999998,0.8169327011668926,0.8327469817557656,0.0439696865275763,,,,,,,,,4.0,3.0,,,
permen,binary,,,0.8233333333333333,0.8078894063407926,0.8258885038034631,0.0270801280154531,,,,,,,,,4.0,4.0,,,
permen,binary,,,0.8266666666666668,0.8084751816271032,0.8279238160737746,0.0169967317119759,,,,,,,,,4.0,5.0,,,
permen,binary,,,0.85,0.8368038690555114,0.8520231378997835,0.0380058475033045,,,,,,,,,5.0,1.0,,,
permen,binary,,,0.8733333333333334,0.8661730151346161,0.8764374694423915,0.0226077666104175,,,,,,,,,5.0,2.0,,,
permen,binary,,,0.8333333333333334,0.8242162149033323,0.8375089327158696,0.0333333333333333,,,,,,,,,5.0,3.0,,,
permen,binary,,,0.85,0.8325934984903911,0.8501961330676149,0.034960294939005,,,,,,,,,5.0,4.0,,,
permen,binary,,,0.8233333333333333,0.8029824507239077,0.8239594850045769,0.0270801280154531,,,,,,,,,5.0,5.0,,,
permen,binary,,,0.8700000000000001,0.8583751419774751,0.8717885746767922,0.0221108319357026,,,,,,,,,6.0,1.0,,,
permen,binary,,,0.8666666666666668,0.8590092168632587,0.8699408189759336,0.0210818510677891,,,,,,,,,6.0,2.0,,,
permen,binary,,,0.8466666666666667,0.8364021504118455,0.8499785757384638,0.0371184290855334,,,,,,,,,6.0,3.0,,,
permen,binary,,,0.8433333333333334,0.8271691959373342,0.8445919346567695,0.0388730126323019,,,,,,,,,6.0,4.0,,,
permen,binary,,,0.8533333333333333,0.8417079160822822,0.8559245873915755,0.0323178657161088,,,,,,,,,6.0,5.0,,,
permen,binary,,,0.8666666666666668,0.8556228020333176,0.8689058998462436,0.0298142396999972,,,,,,,,,7.0,1.0,,,
permen,binary,,,0.8700000000000001,0.8617159479507503,0.8728751326254407,0.019436506316151,,,,,,,,,7.0,2.0,,,
permen,binary,,,0.8566666666666667,0.8457778791316123,0.8593357727996651,0.0290593262902711,,,,,,,,,7.0,3.0,,,
permen,binary,,,0.8400000000000001,0.8265396825396826,0.8425820105820104,0.0226077666104175,,,,,,,,,7.0,4.0,,,
permen,binary,,,0.8933333333333333,0.8807643680469768,0.893560963416036,0.0169967317119759,,,,,,,,,7.0,5.0,,,
permen,five,,,0.4059999999999999,0.3945643596446079,0.3945643596446079,0.0349857113690717,,,,,,,,,3.0,1.0,,,
permen,five,,,0.374,0.3636186297651566,0.3636186297651566,0.021540659228538,,,,,,,,,3.0,2.0,,,
permen,five,,,0.414,0.4044568000459849,0.404456800045985,0.0527636238330916,,,,,,,,,3.0,3.0,,,
permen,five,,,0.424,0.4146017845702254,0.4146017845702254,0.0560713830755047,,,,,,,,,3.0,4.0,,,
permen,five,,,0.376,0.3716256847971491,0.3716256847971492,0.0496386945839634,,,,,,,,,3.0,5.0,,,
permen,five,,,0.348,0.338529503748343,0.338529503748343,0.0342928563989644,,,,,,,,,4.0,1.0,,,
permen,five,,,0.3339999999999999,0.3218164104693437,0.3218164104693437,0.0366606055596467,,,,,,,,,4.0,2.0,,,
permen,five,,,0.396,0.3930163571706098,0.3930163571706097,0.0512249938994627,,,,,,,,,4.0,3.0,,,
permen,five,,,0.3899999999999999,0.3821889190822177,0.3821889190822177,0.0126491106406735,,,,,,,,,4.0,4.0,,,
permen,five,,,0.428,0.4228555353994744,0.4228555353994744,0.0342928563989645,,,,,,,,,4.0,5.0,,,
permen,five,,,0.38,0.3679703472335548,0.3679703472335548,0.0289827534923788,,,,,,,,,5.0,1.0,,,
permen,five,,,0.384,0.3693623099171993,0.3693623099171993,0.0185472369909914,,,,,,,,,5.0,2.0,,,
permen,five,,,0.3819999999999999,0.3714449844878644,0.3714449844878643,0.0172046505340852,,,,,,,,,5.0,3.0,,,
permen,five,,,0.4059999999999999,0.3972256042749654,0.3972256042749654,0.0241660919471891,,,,,,,,,5.0,4.0,,,
permen,five,,,0.454,0.4451349125491514,0.4451349125491513,0.0454312667664021,,,,,,,,,5.0,5.0,,,
permen,five,,,0.408,0.3920345595812121,0.3920345595812121,0.042614551505325,,,,,,,,,6.0,1.0,,,
permen,five,,,0.432,0.4220874758004161,0.4220874758004161,0.0299332590941915,,,,,,,,,6.0,2.0,,,
permen,five,,,0.396,0.3812101500072022,0.3812101500072022,0.0382622529394179,,,,,,,,,6.0,3.0,,,
permen,five,,,0.3979999999999999,0.3895075235721124,0.3895075235721125,0.027129319932501,,,,,,,,,6.0,4.0,,,
permen,five,,,0.436,0.4302700091202947,0.4302700091202947,0.0591945943477949,,,,,,,,,6.0,5.0,,,
permen,five,,,0.38,0.3693616780350337,0.3693616780350337,0.0316227766016838,,,,,,,,,7.0,1.0,,,
permen,five,,,0.382,0.3767581809388992,0.3767581809388992,0.0370944739819828,,,,,,,,,7.0,2.0,,,
permen,five,,,0.424,0.417612172387111,0.417612172387111,0.039293765408777,,,,,,,,,7.0,3.0,,,
permen,five,,,0.462,0.4505110071647385,0.4505110071647385,0.0213541565040626,,,,,,,,,7.0,4.0,,,
permen,five,,,0.454,0.4513810523472333,0.4513810523472333,0.0440908153700972,,,,,,,,,7.0,5.0,,,
permen,ternary,,,0.5519999999999999,0.5804602712426237,0.5483662067003785,0.0581033561853358,,,,,,,,,3.0,1.0,,,
permen,ternary,,,0.5640000000000001,0.5320671952070909,0.558465199435717,0.0484148737476408,,,,,,,,,3.0,2.0,,,
permen,ternary,,,0.67,0.6189039155497225,0.6616679312727418,0.0340587727318527,,,,,,,,,3.0,3.0,,,
permen,ternary,,,0.7,0.6165090056281649,0.6808055741622276,0.041952353926806,,,,,,,,,3.0,4.0,,,
permen,ternary,,,0.752,0.6808419512700268,0.7413705358197104,0.0299332590941915,,,,,,,,,3.0,5.0,,,
permen,ternary,,,0.496,0.5300653553647805,0.4955589459182559,0.0574804314527996,,,,,,,,,4.0,1.0,,,
permen,ternary,,,0.5519999999999999,0.5260162120203691,0.549252210733821,0.0406939798987516,,,,,,,,,4.0,2.0,,,
permen,ternary,,,0.582,0.5233923432893275,0.5744457318683684,0.0354400902933386,,,,,,,,,4.0,3.0,,,
permen,ternary,,,0.678,0.6076248742013668,0.6644272383190294,0.0097979589711326,,,,,,,,,4.0,4.0,,,
permen,ternary,,,0.6839999999999999,0.6182921353459332,0.6728141622578467,0.0349857113690717,,,,,,,,,4.0,5.0,,,
permen,ternary,,,0.532,0.5608827175081926,0.5276333996083601,0.050754310161798,,,,,,,,,5.0,1.0,,,
permen,ternary,,,0.5479999999999999,0.512566795022123,0.5460489107600102,0.0411825205639479,,,,,,,,,5.0,2.0,,,
permen,ternary,,,0.64,0.5736479539258076,0.6274777074308262,0.0189736659610102,,,,,,,,,5.0,3.0,,,
permen,ternary,,,0.666,0.5934776988884065,0.6499557366599316,0.0475815090134812,,,,,,,,,5.0,4.0,,,
permen,ternary,,,0.664,0.5967590900966873,0.6537213134396787,0.0287054001888146,,,,,,,,,5.0,5.0,,,
permen,ternary,,,0.5660000000000001,0.5936410287421172,0.5643603751328442,0.0705974503788911,,,,,,,,,6.0,1.0,,,
permen,ternary,,,0.5820000000000001,0.5559045929422662,0.5814574774816329,0.0453431361950185,,,,,,,,,6.0,2.0,,,
permen,ternary,,,0.6239999999999999,0.5660911904808643,0.6153579462732628,0.0249799919935936,,,,,,,,,6.0,3.0,,,
permen,ternary,,,0.6599999999999999,0.6071358024482484,0.6534569002301522,0.0469041575982342,,,,,,,,,6.0,4.0,,,
permen,ternary,,,0.704,0.6543078070794608,0.695804119365398,0.0241660919471891,,,,,,,,,6.0,5.0,,,
permen,ternary,,,0.52,0.5459649230280771,0.5151696300764985,0.0469041575982342,,,,,,,,,7.0,1.0,,,
permen,ternary,,,0.608,0.5831563927663873,0.6099843114541932,0.052306787322488,,,,,,,,,7.0,2.0,,,
permen,ternary,,,0.7,0.6555160840704828,0.6940963113879055,0.0389871773792358,,,,,,,,,7.0,3.0,,,
permen,ternary,,,0.6859999999999999,0.6417786682140274,0.6830220421935408,0.0287054001888146,,,,,,,,,7.0,4.0,,,
permen,ternary,,,0.696,0.6607041579106543,0.6916405765236663,0.0205912602819739,,,,,,,,,7.0,5.0,,,
psd,binary,,,0.99,0.9886978118942716,0.9899752355379948,0.0081649658092772,,,,,,,,,,,blackman,64.0,0.25
psd,binary,,,0.9833333333333334,0.9811004709635972,0.9832642510492328,0.0182574185835055,,,,,,,,,,,blackman,64.0,0.5
psd,binary,,,0.98,0.9773956237885434,0.97995047107599,0.0163299316185545,,,,,,,,,,,blackman,64.0,0.75
psd,binary,,,0.9966666666666668,0.996201329534663,0.9966445077556187,0.0066666666666666,,,,,,,,,,,blackman,128.0,0.25
psd,binary,,,1.0,1.0,1.0,0.0,,,,,,,,,,,blackman,128.0,0.5
psd,binary,,,0.9966666666666668,0.996201329534663,0.9966445077556187,0.0066666666666666,,,,,,,,,,,blackman,128.0,0.75
psd,binary,,,0.9966666666666668,0.996201329534663,0.9966445077556187,0.0066666666666666,,,,,,,,,,,blackman,256.0,0.25
psd,binary,,,0.9933333333333334,0.9924026590693258,0.9932890155112376,0.0081649658092772,,,,,,,,,,,blackman,256.0,0.5
psd,binary,,,0.9966666666666668,0.996201329534663,0.9966445077556187,0.0066666666666666,,,,,,,,,,,blackman,256.0,0.75
psd,binary,,,1.0,1.0,1.0,0.0,,,,,,,,,,,blackman,512.0,0.25
psd,binary,,,0.9966666666666668,0.996201329534663,0.9966445077556187,0.0066666666666666,,,,,,,,,,,blackman,512.0,0.5
psd,binary,,,0.9933333333333334,0.9924026590693258,0.9932890155112376,0.0081649658092772,,,,,,,,,,,blackman,512.0,0.75
psd,binary,,,0.9866666666666668,0.984794300074628,0.9865699233322264,0.0124721912892464,,,,,,,,,,,hamming,64.0,0.25
psd,binary,,,0.9866666666666668,0.984794300074628,0.9865699233322264,0.0124721912892464,,,,,,,,,,,hamming,64.0,0.5
psd,binary,,,0.9866666666666668,0.984794300074628,0.9865699233322264,0.0124721912892464,,,,,,,,,,,hamming,64.0,0.75
psd,binary,,,0.9966666666666668,0.996201329534663,0.9966445077556187,0.0066666666666666,,,,,,,,,,,hamming,128.0,0.25
psd,binary,,,0.9933333333333334,0.9924026590693258,0.9932890155112376,0.0081649658092772,,,,,,,,,,,hamming,128.0,0.5
psd,binary,,,0.9966666666666668,0.996201329534663,0.9966445077556187,0.0066666666666666,,,,,,,,,,,hamming,128.0,0.75
psd,binary,,,0.9933333333333334,0.9924026590693258,0.9932890155112376,0.0081649658092772,,,,,,,,,,,hamming,256.0,0.25
psd,binary,,,0.9933333333333334,0.9924026590693258,0.9932890155112376,0.0081649658092772,,,,,,,,,,,hamming,256.0,0.5
psd,binary,,,0.9966666666666668,0.996201329534663,0.9966445077556187,0.0066666666666666,,,,,,,,,,,hamming,256.0,0.75
psd,binary,,,1.0,1.0,1.0,0.0,,,,,,,,,,,hamming,512.0,0.25
psd,binary,,,0.9933333333333334,0.9924964823596087,0.9933307277823762,0.0081649658092772,,,,,,,,,,,hamming,512.0,0.5
psd,binary,,,0.9933333333333334,0.9924026590693258,0.9932890155112376,0.0081649658092772,,,,,,,,,,,hamming,512.0,0.75
psd,binary,,,0.9866666666666668,0.984794300074628,0.9865699233322264,0.0124721912892464,,,,,,,,,,,hanning,64.0,0.25
psd,binary,,,0.9866666666666668,0.984794300074628,0.9865699233322264,0.0124721912892464,,,,,,,,,,,hanning,64.0,0.5
psd,binary,,,0.9833333333333334,0.9811004709635972,0.9832642510492328,0.0182574185835055,,,,,,,,,,,hanning,64.0,0.75
psd,binary,,,0.9966666666666668,0.996201329534663,0.9966445077556187,0.0066666666666666,,,,,,,,,,,hanning,128.0,0.25
psd,binary,,,0.9966666666666668,0.996201329534663,0.9966445077556187,0.0066666666666666,,,,,,,,,,,hanning,128.0,0.5
psd,binary,,,0.9933333333333334,0.9924026590693258,0.9932890155112376,0.0081649658092772,,,,,,,,,,,hanning,128.0,0.75
psd,binary,,,0.9933333333333334,0.9924026590693258,0.9932890155112376,0.0081649658092772,,,,,,,,,,,hanning,256.0,0.25
psd,binary,,,0.9933333333333334,0.9924026590693258,0.9932890155112376,0.0081649658092772,,,,,,,,,,,hanning,256.0,0.5
psd,binary,,,0.9966666666666668,0.996201329534663,0.9966445077556187,0.0066666666666666,,,,,,,,,,,hanning,256.0,0.75
psd,binary,,,1.0,1.0,1.0,0.0,,,,,,,,,,,hanning,512.0,0.25
psd,binary,,,0.9933333333333334,0.9924964823596087,0.9933307277823762,0.0081649658092772,,,,,,,,,,,hanning,512.0,0.5
psd,binary,,,0.9933333333333334,0.9924026590693258,0.9932890155112376,0.0081649658092772,,,,,,,,,,,hanning,512.0,0.75
psd,binary,,,0.9966666666666668,0.996201329534663,0.9966445077556187,0.0066666666666666,,,,,,,,,,,rectangular,64.0,0.25
psd,binary,,,0.9833333333333332,0.981089452899574,0.9832561433589836,0.0105409255338945,,,,,,,,,,,rectangular,64.0,0.5
psd,binary,,,0.9833333333333332,0.9812669632139578,0.983332008983201,0.0149071198499985,,,,,,,,,,,rectangular,64.0,0.75
psd,binary,,,0.9966666666666668,0.996201329534663,0.9966445077556187,0.0066666666666666,,,,,,,,,,,rectangular,128.0,0.25
psd,binary,,,0.9966666666666668,0.996201329534663,0.9966445077556187,0.0066666666666666,,,,,,,,,,,rectangular,128.0,0.5
psd,binary,,,0.9966666666666668,0.996201329534663,0.9966445077556187,0.0066666666666666,,,,,,,,,,,rectangular,128.0,0.75
psd,binary,,,0.9933333333333334,0.9924026590693258,0.9932890155112376,0.0081649658092772,,,,,,,,,,,rectangular,256.0,0.25
psd,binary,,,0.99,0.9886978118942716,0.9899752355379948,0.0081649658092772,,,,,,,,,,,rectangular,256.0,0.5
psd,binary,,,0.99,0.9886978118942716,0.9899752355379948,0.0081649658092772,,,,,,,,,,,rectangular,256.0,0.75
psd,binary,,,0.9933333333333334,0.9924026590693258,0.9932890155112376,0.0081649658092772,,,,,,,,,,,rectangular,512.0,0.25
psd,binary,,,0.9866666666666668,0.9849026590693256,0.986622348844571,0.0124721912892464,,,,,,,,,,,rectangular,512.0,0.5
psd,binary,,,0.99,0.9886978118942716,0.9899752355379948,0.0081649658092772,,,,,,,,,,,rectangular,512.0,0.75
psd,five,,,0.8039999999999999,0.8014584770737858,0.801458477073786,0.0427083130081252,,,,,,,,,,,blackman,64.0,0.25
psd,five,,,0.8220000000000001,0.8210456657876428,0.8210456657876428,0.0503587132480566,,,,,,,,,,,blackman,64.0,0.5
psd,five,,,0.8240000000000001,0.8229727615827864,0.8229727615827864,0.0241660919471891,,,,,,,,,,,blackman,64.0,0.75
psd,five,,,0.86,0.8598039038988974,0.8598039038988976,0.0268328157299975,,,,,,,,,,,blackman,128.0,0.25
psd,five,,,0.8480000000000001,0.848559991898609,0.8485599918986088,0.0365513337649941,,,,,,,,,,,blackman,128.0,0.5
psd,five,,,0.858,0.8573967942790823,0.8573967942790823,0.0406939798987515,,,,,,,,,,,blackman,128.0,0.75
psd,five,,,0.834,0.8341068920365574,0.8341068920365574,0.039293765408777,,,,,,,,,,,blackman,256.0,0.25
psd,five,,,0.842,0.8397959737363854,0.8397959737363854,0.0435430821141544,,,,,,,,,,,blackman,256.0,0.5
psd,five,,,0.8480000000000001,0.8466772579449582,0.8466772579449582,0.0435430821141544,,,,,,,,,,,blackman,256.0,0.75
psd,five,,,0.842,0.8374969318447734,0.8374969318447733,0.0396988664825584,,,,,,,,,,,blackman,512.0,0.25
psd,five,,,0.852,0.8528924546458654,0.8528924546458654,0.0337045990927054,,,,,,,,,,,blackman,512.0,0.5
psd,five,,,0.86,0.8580754500859836,0.8580754500859836,0.0442718872423573,,,,,,,,,,,blackman,512.0,0.75
psd,five,,,0.8240000000000001,0.8230978450757217,0.8230978450757218,0.0467332857821916,,,,,,,,,,,hamming,64.0,0.25
psd,five,,,0.8300000000000001,0.829664121231745,0.8296641212317452,0.0346410161513775,,,,,,,,,,,hamming,64.0,0.5
psd,five,,,0.8219999999999998,0.8214113747781214,0.8214113747781215,0.0324961536185438,,,,,,,,,,,hamming,64.0,0.75
psd,five,,,0.8559999999999999,0.8554362653605991,0.8554362653605991,0.0475815090134812,,,,,,,,,,,hamming,128.0,0.25
psd,five,,,0.8560000000000001,0.8545844710635586,0.8545844710635586,0.0574804314527996,,,,,,,,,,,hamming,128.0,0.5
psd,five,,,0.86,0.8599776951415544,0.8599776951415545,0.041952353926806,,,,,,,,,,,hamming,128.0,0.75
psd,five,,,0.8220000000000001,0.8217957870868842,0.8217957870868842,0.049152822909778,,,,,,,,,,,hamming,256.0,0.25
psd,five,,,0.852,0.851082877220007,0.851082877220007,0.0370944739819828,,,,,,,,,,,hamming,256.0,0.5
psd,five,,,0.852,0.8513765141302567,0.8513765141302567,0.0530659966456864,,,,,,,,,,,hamming,256.0,0.75
psd,five,,,0.8379999999999999,0.835990837839705,0.835990837839705,0.0213541565040626,,,,,,,,,,,hamming,512.0,0.25
psd,five,,,0.86,0.8602842659465642,0.860284265946564,0.0409878030638384,,,,,,,,,,,hamming,512.0,0.5
psd,five,,,0.866,0.8653132685659312,0.865313268565931,0.0422374241638857,,,,,,,,,,,hamming,512.0,0.75
psd,five,,,0.808,0.8066036034739474,0.8066036034739476,0.0292574776766555,,,,,,,,,,,hanning,64.0,0.25
psd,five,,,0.8100000000000002,0.8111469939867707,0.8111469939867707,0.0414728827066554,,,,,,,,,,,hanning,64.0,0.5
psd,five,,,0.8140000000000001,0.8136324777941042,0.8136324777941042,0.0300665927567457,,,,,,,,,,,hanning,64.0,0.75
psd,five,,,0.8540000000000001,0.853610529375446,0.853610529375446,0.0326190128606001,,,,,,,,,,,hanning,128.0,0.25
psd,five,,,0.8559999999999999,0.8557798948731868,0.8557798948731868,0.0417612260356422,,,,,,,,,,,hanning,128.0,0.5
psd,five,,,0.858,0.8570947083594135,0.8570947083594133,0.0453431361950185,,,,,,,,,,,hanning,128.0,0.75
psd,five,,,0.8380000000000001,0.8372563956536849,0.8372563956536849,0.0421426150114109,,,,,,,,,,,hanning,256.0,0.25
psd,five,,,0.844,0.8433610808152302,0.8433610808152302,0.0372021504754765,,,,,,,,,,,hanning,256.0,0.5
psd,five,,,0.8480000000000001,0.845758796331323,0.845758796331323,0.041182520563948,,,,,,,,,,,hanning,256.0,0.75
psd,five,,,0.834,0.8319087803403737,0.8319087803403737,0.0382622529394179,,,,,,,,,,,hanning,512.0,0.25
psd,five,,,0.8540000000000001,0.853590318554963,0.853590318554963,0.0361109401705355,,,,,,,,,,,hanning,512.0,0.5
psd,five,,,0.868,0.8663462998245135,0.8663462998245134,0.042614551505325,,,,,,,,,,,hanning,512.0,0.75
psd,five,,,0.808,0.808121326553102,0.8081213265531018,0.0466476151587623,,,,,,,,,,,rectangular,64.0,0.25
psd,five,,,0.818,0.8172453546846231,0.8172453546846231,0.0331058907144936,,,,,,,,,,,rectangular,64.0,0.5
psd,five,,,0.812,0.8109510365636797,0.8109510365636797,0.027129319932501,,,,,,,,,,,rectangular,64.0,0.75
psd,five,,,0.806,0.8042853811428909,0.8042853811428909,0.0349857113690718,,,,,,,,,,,rectangular,128.0,0.25
psd,five,,,0.8480000000000001,0.845915309955549,0.845915309955549,0.0292574776766555,,,,,,,,,,,rectangular,128.0,0.5
psd,five,,,0.8119999999999999,0.8099340360252094,0.8099340360252094,0.0530659966456864,,,,,,,,,,,rectangular,128.0,0.75
psd,five,,,0.8620000000000001,0.8604387964584399,0.8604387964584399,0.042614551505325,,,,,,,,,,,rectangular,256.0,0.25
psd,five,,,0.842,0.8405178868286599,0.8405178868286601,0.0396988664825584,,,,,,,,,,,rectangular,256.0,0.5
psd,five,,,0.8360000000000001,0.8342406925500935,0.8342406925500935,0.0531413210223456,,,,,,,,,,,rectangular,256.0,0.75
psd,five,,,0.8640000000000001,0.8633194461267191,0.8633194461267191,0.0293938769133981,,,,,,,,,,,rectangular,512.0,0.25
psd,five,,,0.86,0.8589393890822208,0.8589393890822208,0.0340587727318528,,,,,,,,,,,rectangular,512.0,0.5
psd,five,,,0.85,0.8492931264426622,0.8492931264426623,0.041952353926806,,,,,,,,,,,rectangular,512.0,0.75
psd,ternary,,,0.958,0.9567731103623958,0.9579013658727172,0.0116619037896906,,,,,,,,,,,blackman,64.0,0.25
psd,ternary,,,0.972,0.9685953024114466,0.972087996331578,0.0132664991614216,,,,,,,,,,,blackman,64.0,0.5
psd,ternary,,,0.964,0.9617629346679808,0.9640276095136648,0.0185472369909913,,,,,,,,,,,blackman,64.0,0.75
psd,ternary,,,0.964,0.9613419928296912,0.9642296907954166,0.0185472369909913,,,,,,,,,,,blackman,128.0,0.25
psd,ternary,,,0.96,0.9570837390293978,0.9601418535985952,0.0126491106406735,,,,,,,,,,,blackman,128.0,0.5
psd,ternary,,,0.97,0.9670728117357736,0.9701775213340512,0.0141421356237309,,,,,,,,,,,blackman,128.0,0.75
psd,ternary,,,0.972,0.9696360511853482,0.9722817487545126,0.014696938456699,,,,,,,,,,,blackman,256.0,0.25
psd,ternary,,,0.9559999999999998,0.9560941016681616,0.9561574032909718,0.0205912602819739,,,,,,,,,,,blackman,256.0,0.5
psd,ternary,,,0.968,0.9675423697456752,0.9680377292953032,0.0097979589711327,,,,,,,,,,,blackman,256.0,0.75
psd,ternary,,,0.968,0.9667825825457776,0.9680538860223517,0.0193907194296653,,,,,,,,,,,blackman,512.0,0.25
psd,ternary,,,0.968,0.967553704510822,0.9680938387838433,0.0193907194296652,,,,,,,,,,,blackman,512.0,0.5
psd,ternary,,,0.96,0.9600154874932548,0.9600271617809704,0.0167332005306814,,,,,,,,,,,blackman,512.0,0.75
psd,ternary,,,0.97,0.9684334650353196,0.970026170728884,0.0109544511501033,,,,,,,,,,,hamming,64.0,0.25
psd,ternary,,,0.97,0.9676620739088084,0.9700296535257348,0.0126491106406735,,,,,,,,,,,hamming,64.0,0.5
psd,ternary,,,0.964,0.962735043257841,0.9639787622703284,0.0149666295470957,,,,,,,,,,,hamming,64.0,0.75
psd,ternary,,,0.97,0.9659521531223844,0.9700358455238444,0.0109544511501033,,,,,,,,,,,hamming,128.0,0.25
psd,ternary,,,0.964,0.9615430551761344,0.9643498942705652,0.0185472369909914,,,,,,,,,,,hamming,128.0,0.5
psd,ternary,,,0.966,0.962400534289248,0.9663080213549656,0.0135646599662505,,,,,,,,,,,hamming,128.0,0.75
psd,ternary,,,0.976,0.974386053107274,0.9761604753427808,0.012,,,,,,,,,,,hamming,256.0,0.25
psd,ternary,,,0.964,0.9636077575991958,0.9641981806521156,0.0241660919471891,,,,,,,,,,,hamming,256.0,0.5
psd,ternary,,,0.972,0.9716402166374,0.9719795358092752,0.0132664991614216,,,,,,,,,,,hamming,256.0,0.75
psd,ternary,,,0.964,0.9627582399228538,0.9641927611317614,0.0101980390271855,,,,,,,,,,,hamming,512.0,0.25
psd,ternary,,,0.962,0.962507396941424,0.9620883009701092,0.0172046505340852,,,,,,,,,,,hamming,512.0,0.5
psd,ternary,,,0.97,0.9691341387777848,0.9700403911737424,0.025298221281347,,,,,,,,,,,hamming,512.0,0.75
psd,ternary,,,0.966,0.9626896424800442,0.965961601173498,0.0185472369909914,,,,,,,,,,,hanning,64.0,0.25
psd,ternary,,,0.966,0.9645371090208116,0.9661412411858932,0.0162480768092719,,,,,,,,,,,hanning,64.0,0.5
psd,ternary,,,0.962,0.9600871635183946,0.9618782296599158,0.0203960780543711,,,,,,,,,,,hanning,64.0,0.75
psd,ternary,,,0.962,0.9595046026523306,0.9622035468645416,0.0172046505340852,,,,,,,,,,,hanning,128.0,0.25
psd,ternary,,,0.968,0.9660986700132672,0.9681628853050984,0.0172046505340852,,,,,,,,,,,hanning,128.0,0.5
psd,ternary,,,0.966,0.9621489187594982,0.9662223921550877,0.0101980390271855,,,,,,,,,,,hanning,128.0,0.75
psd,ternary,,,0.976,0.974386053107274,0.9761604753427808,0.012,,,,,,,,,,,hanning,256.0,0.25
psd,ternary,,,0.962,0.9610703720066114,0.9621289276971116,0.02227105745132,,,,,,,,,,,hanning,256.0,0.5
psd,ternary,,,0.968,0.9674867857468076,0.967971028496662,0.0074833147735478,,,,,,,,,,,hanning,256.0,0.75
psd,ternary,,,0.962,0.9610839073362591,0.9621014115405864,0.0231516738055804,,,,,,,,,,,hanning,512.0,0.25
psd,ternary,,,0.964,0.9641003744037946,0.9639998739249538,0.0185472369909913,,,,,,,,,,,hanning,512.0,0.5
psd,ternary,,,0.966,0.965819092278436,0.9660623353745234,0.0241660919471891,,,,,,,,,,,hanning,512.0,0.75
psd,ternary,,,0.968,0.9649562505427658,0.9680728139345268,0.0248193472919817,,,,,,,,,,,rectangular,64.0,0.25
psd,ternary,,,0.968,0.9656373703211154,0.9679057736315309,0.0248193472919817,,,,,,,,,,,rectangular,64.0,0.5
psd,ternary,,,0.97,0.966662007265467,0.9700157096256122,0.0167332005306815,,,,,,,,,,,rectangular,64.0,0.75
psd,ternary,,,0.974,0.9709204957379978,0.9739922925537828,0.008,,,,,,,,,,,rectangular,128.0,0.25
psd,ternary,,,0.96,0.9577102647783692,0.9600503414157876,0.0089442719099991,,,,,,,,,,,rectangular,128.0,0.5
psd,ternary,,,0.962,0.9609643836801502,0.962001741705358,0.0074833147735478,,,,,,,,,,,rectangular,128.0,0.75
psd,ternary,,,0.964,0.9625906213046383,0.9640032581242874,0.0135646599662505,,,,,,,,,,,rectangular,256.0,0.25
psd,ternary,,,0.966,0.9674810938740134,0.9659541731866522,0.008,,,,,,,,,,,rectangular,256.0,0.5
psd,ternary,,,0.962,0.9624811686688411,0.9619090561147507,0.014696938456699,,,,,,,,,,,rectangular,256.0,0.75
psd,ternary,,,0.964,0.9635236286333818,0.9640972258931386,0.0174355957741626,,,,,,,,,,,rectangular,512.0,0.25
psd,ternary,,,0.968,0.9683411612254534,0.9680631770853032,0.0248193472919816,,,,,,,,,,,rectangular,512.0,0.5
psd,ternary,,,0.966,0.966685616304264,0.9660765231798758,0.0287054001888146,,,,,,,,,,,rectangular,512.0,0.75
sampen,binary,1.0,0.1,0.9033333333333332,0.8926892641070397,0.9035946888883462,0.0244948974278317,,,,,,,,,,,,,
sampen,binary,1.0,0.15,0.94,0.9315653765959324,0.939504900114747,0.0169967317119759,,,,,,,,,,,,,
sampen,binary,1.0,0.2,0.9200000000000002,0.909946463958092,0.9198777908855428,0.0323178657161088,,,,,,,,,,,,,
sampen,binary,1.0,0.25,0.9,0.8884284485965044,0.9003539148407592,0.0278886675511358,,,,,,,,,,,,,
sampen,binary,1.0,0.3,0.9066666666666666,0.893219606281398,0.9057134360238454,0.03590109871423,,,,,,,,,,,,,
sampen,binary,2.0,0.1,0.9533333333333334,0.9469033459888948,0.9530307982000624,0.0244948974278317,,,,,,,,,,,,,
sampen,binary,2.0,0.15,0.94,0.9327400914961376,0.9400943856715528,0.0169967317119759,,,,,,,,,,,,,
sampen,binary,2.0,0.2,0.94,0.93220907117535,0.9398406161045976,0.0290593262902711,,,,,,,,,,,,,
sampen,binary,2.0,0.25,0.9766666666666666,0.973679758549466,0.976628583412498,0.0169967317119759,,,,,,,,,,,,,
sampen,binary,2.0,0.3,0.9666666666666666,0.9625585983985128,0.9666822901256674,0.0105409255338945,,,,,,,,,,,,,
sampen,binary,3.0,0.1,0.97,0.9665152752827608,0.9700990009511952,0.0124721912892464,,,,,,,,,,,,,
sampen,binary,3.0,0.15,0.96,0.9553374324268118,0.9601387034936484,0.0226077666104175,,,,,,,,,,,,,
sampen,binary,3.0,0.2,0.96,0.9543036126380156,0.959678770966747,0.0226077666104175,,,,,,,,,,,,,
sampen,binary,3.0,0.25,0.9666666666666666,0.9620132953466288,0.9664450775561888,0.0298142396999972,,,,,,,,,,,,,
sampen,binary,3.0,0.3,0.9433333333333334,0.935409111864368,0.9429194548726336,0.0270801280154532,,,,,,,,,,,,,
sampen,five,1.0,0.1,0.418,0.4133426438315085,0.4133426438315085,0.0159999999999999,,,,,,,,,,,,,
sampen,five,1.0,0.15,0.446,0.4438446883008801,0.4438446883008801,0.0431740662898458,,,,,,,,,,,,,
sampen,five,1.0,0.2,0.418,0.4112622414237384,0.4112622414237384,0.0354400902933386,,,,,,,,,,,,,
sampen,five,1.0,0.25,0.432,0.4299597418534164,0.4299597418534164,0.0767854152818098,,,,,,,,,,,,,
sampen,five,1.0,0.3,0.406,0.399825259965865,0.3998252599658649,0.0287054001888146,,,,,,,,,,,,,
sampen,five,2.0,0.1,0.456,0.4488781949314472,0.4488781949314472,0.0440908153700971,,,,,,,,,,,,,
sampen,five,2.0,0.15,0.448,0.4388017745089986,0.4388017745089986,0.0331058907144936,,,,,,,,,,,,,
sampen,five,2.0,0.2,0.434,0.4162314136763108,0.4162314136763108,0.0431740662898458,,,,,,,,,,,,,
sampen,five,2.0,0.25,0.438,0.4279738609073617,0.4279738609073617,0.0416653333119993,,,,,,,,,,,,,
sampen,five,2.0,0.3,0.4600000000000001,0.4520739442671132,0.4520739442671132,0.0433589667773576,,,,,,,,,,,,,
sampen,five,3.0,0.1,0.426,0.413849293090096,0.413849293090096,0.0560713830755047,,,,,,,,,,,,,
sampen,five,3.0,0.15,0.518,0.5124028208869047,0.5124028208869047,0.0222710574513201,,,,,,,,,,,,,
sampen,five,3.0,0.2,0.448,0.438477323772526,0.438477323772526,0.0299332590941915,,,,,,,,,,,,,
sampen,five,3.0,0.25,0.4,0.3881798881788771,0.3881798881788771,0.0517687164221791,,,,,,,,,,,,,
sampen,five,3.0,0.3,0.452,0.4472566250267884,0.4472566250267884,0.0370944739819828,,,,,,,,,,,,,
sampen,ternary,1.0,0.1,0.702,0.6289128002471073,0.6921407384477891,0.0348711915483253,,,,,,,,,,,,,
sampen,ternary,1.0,0.15,0.726,0.6384542119799088,0.7076762764308973,0.0149666295470957,,,,,,,,,,,,,
sampen,ternary,1.0,0.2,0.712,0.6419417109687008,0.7025902172774146,0.0132664991614216,,,,,,,,,,,,,
sampen,ternary,1.0,0.25,0.682,0.5953556935272459,0.6707213972331425,0.0312409987036266,,,,,,,,,,,,,
sampen,ternary,1.0,0.3,0.676,0.5795740520381759,0.6598221957791444,0.0174355957741626,,,,,,,,,,,,,
sampen,ternary,2.0,0.1,0.606,0.5881195215155193,0.6002461601042779,0.0546260011349906,,,,,,,,,,,,,
sampen,ternary,2.0,0.15,0.618,0.5968597183383411,0.6158248121919254,0.0526877594892779,,,,,,,,,,,,,
sampen,ternary,2.0,0.2,0.62,0.590072131328421,0.6157442199771805,0.0485798312059644,,,,,,,,,,,,,
sampen,ternary,2.0,0.25,0.702,0.668387246162198,0.696340425670368,0.0370944739819828,,,,,,,,,,,,,
sampen,ternary,2.0,0.3,0.69,0.6281424395663251,0.6778311612394903,0.0340587727318527,,,,,,,,,,,,,
sampen,ternary,3.0,0.1,0.676,0.6756494323358991,0.6718372168314518,0.0293938769133981,,,,,,,,,,,,,
sampen,ternary,3.0,0.15,0.668,0.6484939289243572,0.6662074013077076,0.0193907194296652,,,,,,,,,,,,,
sampen,ternary,3.0,0.2,0.632,0.5977523553973964,0.6276731733633516,0.0337045990927054,,,,,,,,,,,,,
sampen,ternary,3.0,0.25,0.66,0.6275660164294726,0.6549917384319228,0.0268328157299974,,,,,,,,,,,,,
sampen,ternary,3.0,0.3,0.6900000000000001,0.6478007628810845,0.6833794499902672,0.0303315017762061,,,,,,,,,,,,,
